code;name;hash;lat;lng;maps_link
2;Startkontrolle;1bad715d082849e1ada81c68dbea3644;497859600;123103000;https://www.google.com/maps?q=49.7859600,12.3103000
3;Testfragen;6205df86b6e294fa2bb0c14c2bbca07e;497837900;123131800;https://www.google.com/maps?q=49.7837900,12.3131800
4;Zielwurf Feuerwehrleine;c77e6bb0a104e5a065cb67cf5d4ddb77;497849800;123128500;https://www.google.com/maps?q=49.7849800,12.3128500
5;Kuppeln Saugschlauch;e3f2ce6afe472bc683464ff0e5d76477;497798800;123071800;https://www.google.com/maps?q=49.7798800,12.3071800
6;Zielspritzen mit Kübelspritze;b0ab32ab514513b927a4cb8ecf513626;497858200;123034600;https://www.google.com/maps?q=49.7858200,12.3034600
7;Ausrollen C-Schlauch;5a50a1f94f504573cb50310970c4c463;497811100;123285400;https://www.google.com/maps?q=49.7811100,12.3285400
8;Knotengestell mit 4 verschiedenen Knoten;d14739cef09bb2abda49ce0642266f0f;497836500;123106400;https://www.google.com/maps?q=49.7836500,12.3106400
9;Anlegen Mastwurf;509af91e925de4b5d81bd793f15ba7bf;497861400;123226200;https://www.google.com/maps?q=49.7861400,12.3226200
10;Aufziehen CM-Strahlrohr;b0a69d4e6800145c57c333919205478c;497828900;122965400;https://www.google.com/maps?q=49.7828900,12.2965400
11;Kuppeln 90 mtr C-Leitung;d7fd181489d2cf785700329f17d82a08;497805900;123213200;https://www.google.com/maps?q=49.7805900,12.3213200
12;Anlegen Brustbund - an Gruppenteilnehmer;f804f5dc29723a961acd0be4b9b6c3d8;497837400;123170500;https://www.google.com/maps?q=49.7837400,12.3170500
13;Anlegen Brustbund - an sich selbst;1a81ae0e248e036c03579d5764d06493;497847200;123009800;https://www.google.com/maps?q=49.7847200,12.3009800
14;Zuordnung Ausrüstungsgegenstände;09dbe593b83dfcc3ee60fe774b9a4ba8;497804300;123124600;https://www.google.com/maps?q=49.7804300,12.3124600
15;Zielkontrolle;b4003a98b7a34543d0dbb96e0fcab037;497859700;123103200;https://www.google.com/maps?q=49.7859700,12.3103200
1;Anmeldung;0812741a4c57cde2d097eaf839c2088d;497859372;123111451;https://www.google.com/maps?q=49.7859372,12.3111451
